{
    "mapId": "a06add6866a28b3ce9ca6f5de19692d9",
    "imageWidth": 4162,
    "imageHeight": 2739,
    "mimeType": "image/png",
    "dimension": {
        "length": 228.30688,
        "width": 346.92673,
        "height": 13.0,
        "offsetX": 14.67,
        "offsetY": 21.18
    }
}